date,Strategy,CVX_BuyHold,HYG_BuyHold,Equal_Weight
2021-03-30,100000.0,100000.0,100000.0,100000.0
2021-03-31,98743.21856979118,98923.82403074071,100484.04713723907,99703.93558398989
2021-04-01,97836.98500035256,99830.05760017932,100696.84969936965,100263.45364977448
2021-04-05,98795.10944509158,98659.47699409594,100743.13286461544,99701.30492935568
2021-04-06,99279.38131121584,97781.5525188594,100916.64075809393,99349.09663847667
2021-04-07,98356.76681133342,98357.39620979612,100881.89145308002,99619.64383143806
2021-04-08,99147.81327771484,97252.8847959523,100916.64075809393,99084.7627770231
2021-04-09,98953.96739713059,97158.50650951064,100847.17623829342,99002.84137390203
2021-04-12,99761.92247361802,96082.31297332972,100743.13286461544,98412.72291897258
2021-04-13,99075.7826426277,96516.5497090303,100812.52920396137,98664.53945649584
2021-04-14,96921.1815252172,98432.92518933189,100766.25740212468,99599.59129572829
2021-04-15,97497.03103522565,97630.52091017031,101171.01067069567,99400.76579043298
2021-04-16,97714.85123259133,97196.2578240873,100962.83301606696,99079.54542007713
2021-04-19,97224.07526350836,97479.46295109879,100800.92716327492,99140.19505718685
2021-04-20,98846.32444933514,95657.50967454292,100627.4760868419,98142.49288069241
2021-04-21,97332.03756895575,96979.13067277621,100962.83301606696,98970.98184442159
2021-04-22,98826.05496816048,95298.79313491729,100777.81398917477,98038.30356204603
2021-04-23,98079.10212145024,95865.18582201863,101043.84275950845,98454.51429076353
2021-04-26,97932.11027808134,95836.87672781653,100997.57095767176,98417.22384274415
2021-04-27,96647.70919739593,96950.8040116525,100858.77827897988,98904.79114531618
2021-04-28,94102.74775245866,99329.74288877838,101055.37661974033,100192.55975425936
2021-04-29,93922.05878042502,100915.69335673482,101171.01067069567,101043.35201371525
2021-04-30,94807.74416988622,97300.11346474678,101124.73886885899,99212.42616680288
2021-05-03,93745.40159835744,99622.37266924279,101164.2039886475,100393.28832894514
2021-05-04,93393.05373177692,100169.94239982068,101106.2051486243,100638.07377422249
2021-05-05,93911.68501676123,102860.36036431688,101303.46256711229,102081.91146571458
2021-05-06,93806.6244671456,102917.0136865643,101268.65644505293,102092.83506580861
2021-05-07,94174.05740113492,103861.05127134445,101338.30277939896,102599.6770253717
2021-05-10,93772.81709985452,103436.23040563603,101106.2051486243,102271.21777713016
2021-05-11,92550.09264137028,100726.87529962581,101001.75269221888,100864.31399592235
2021-05-12,92358.72017677235,101359.36352934914,100514.39880293304,100936.88116614109
2021-05-13,92336.66018365798,100708.00842579828,100874.09615444054,100791.0522901194
2021-05-14,93444.51521076451,103341.82576881193,101199.04420093416,102270.43498487305
2021-05-17,93875.02157401337,104606.81101171943,101013.37745972353,102810.09423572148
2021-05-18,92229.89119532087,101462.96444964503,100769.67778826242,101116.32111895373
2021-05-19,92855.38013891962,98615.34888696863,100502.77403542839,99559.06146119851
2021-05-20,92830.51491015262,98959.36191319235,100932.12908469104,99945.74549894169
2021-05-21,92589.5578754585,99494.47669633661,101082.9897038423,100288.73320008945
2021-05-24,91925.24379730925,100908.74563923129,101199.04420093416,101053.89492008273
2021-05-25,92641.6191097703,99255.59291259033,101210.65760502972,100233.12525881003
2021-05-26,92489.91568964068,99494.47669633661,101245.48645390729,100369.98157512196
2021-05-27,92906.72202098428,98433.78596849162,101199.04420093416,99816.41508471289
2021-05-28,92834.2920327818,99179.15045312996,101164.2039886475,100171.67722088873
2021-06-01,94946.68555020542,101912.09793488539,101468.07291126905,101690.08542307722
2021-06-02,95146.2646920255,103278.55850057189,101596.1839854112,102437.37124299155
2021-06-03,95136.2298044835,102810.33855498367,101386.63135828193,102098.4849566328
2021-06-04,95266.24302309418,103632.11036523913,101607.82011632495,102619.96524078204
2021-06-07,95351.5731637571,102963.22347390442,101642.7171456571,102302.97030978077
2021-06-08,95442.21567235338,103899.6897154633,101712.63620182141,102806.16295864235
2021-06-09,95532.70547410742,102991.90147346069,101794.16866208131,102393.03506777101
2021-06-10,95644.51891587825,103593.90231070017,101980.36948351942,102787.1358971098
2021-06-11,95719.14552238493,103116.1259597468,102015.34605671524,102565.73600823102
2021-06-14,95762.07474211339,103173.45560847688,101922.13201190523,102547.79381019105
2021-06-15,95821.62510001106,105399.93117280108,101910.49588099147,103655.21352689627
2021-06-16,95849.8756850643,104797.93911902241,101770.78276616285,103284.36094259264
2021-06-17,95924.4656074818,102313.43182637838,101840.72454914538,102077.07818776189
2021-06-18,93372.09679641067,98452.89877922191,101794.16866208131,100123.53372065161
2021-06-21,95498.8527801654,101338.76631374135,101992.00561443316,101665.38596408725
2021-06-22,95803.7070532257,101673.18780075667,102061.89058037021,101867.53919056343
2021-06-23,95745.22448608877,101548.95453100975,101957.11994851012,101753.03723975993
2021-06-24,96294.0319465055,102380.32666393442,102271.45457090858,102325.89061742151
2021-06-25,96368.52581836484,102533.23793323761,102376.23656617777,102454.73724970769
2021-06-28,94460.65755882116,99370.2609935113,102364.60043526403,100867.43071438766
2021-06-29,94490.18318496048,99150.48123703452,102492.68878258798,100821.58500981124
2021-06-30,95270.9778223042,100086.94747859339,102504.35900372901,101295.6532411612
2021-07-01,96321.28058084146,101491.64244920129,102705.24134971846,102098.44189945987
2021-07-02,96298.41087013362,101357.85277408922,102868.78353342024,102113.31815375472
2021-07-06,94938.21619702973,99370.2609935113,102810.37561066961,101090.31830209045
2021-07-07,94295.11403859135,98357.35229249205,102845.47718136547,100601.41473692877
2021-07-08,94089.20275870664,98042.00848236377,102623.44753104939,100332.72800670657
2021-07-09,95201.88105684076,99446.7210198933,102798.67129930129,101122.6961595973
2021-07-12,95403.154603798,99647.37039871818,102763.67199928728,101205.52119900273
2021-07-13,95157.80509865061,99312.92256132042,102459.93943757488,100886.43099944765
2021-07-14,93918.45175638373,97439.99886166348,102623.44753104939,100031.72319635644
2021-07-15,93504.42422149856,96799.7724029634,102553.403477385,99676.5879401742
2021-07-16,91699.6311821996,94238.82265085902,102413.21309937438,98326.0178751167
2021-07-19,89780.34715797845,91697.00327640655,101724.01097432597,96710.50712536626
2021-07-20,90342.9139746845,92241.65689799433,102237.96660430428,97239.8117511493
2021-07-21,92699.94156341738,95385.50346006872,102483.29124326605,98934.39735166739
2021-07-22,92082.55181502496,94429.94197470117,102541.71052942578,98485.82625206347
2021-07-23,92206.56401255315,94468.15881270095,102740.29746677793,98604.22813973944
2021-07-26,93648.8377307983,96465.32456556564,102588.44823103538,99526.8863983005
2021-07-27,93433.05169033924,96140.4155666114,102448.28057984295,99294.34807322717
2021-07-28,93888.97094947807,96685.10432204243,102530.04030828475,99607.57231516359
2021-07-29,93917.0144789265,98013.34804972915,102751.97905132806,100382.66355052861
2021-07-30,93680.2232686489,97287.11394274273,102611.77730990834,99949.44562632553
2021-08-02,93464.70320249305,97115.08986270924,102357.49830457936,99736.2940836443
2021-08-03,93778.08031843214,98042.00848236377,102474.6550523535,100258.33176735864
2021-08-04,93146.45324513983,95844.20213413503,102287.19289250579,99065.69751332041
2021-08-05,93543.1241603209,96732.87756540735,102521.54047828134,99627.20902184435
2021-08-06,93650.12610120047,97420.85970055073,102404.33827687083,99912.59898871079
2021-08-09,93122.14651648422,95796.41132384849,102169.95660086798,98983.18396235823
2021-08-10,93401.48477520164,97545.10175375848,101935.56356145605,99740.33265760727
2021-08-11,93710.65114872136,98280.89226611005,102099.63982538531,100190.26604574767
2021-08-12,93802.8812963552,98080.21653690274,102275.44312750109,100177.82983220191
2021-08-13,93819.06624642685,97430.45123975915,102498.12049213561,99964.28586594737
2021-08-16,93623.73572684718,96436.64656600938,102533.27887987695,99484.96272294316
2021-08-17,93437.67779478947,96255.08364753236,102298.87447705591,99276.97906229414
2021-08-18,92670.60023727686,93649.92673715335,102064.51552787126,97857.2211325123
2021-08-19,92120.66610044432,91315.94161247124,102052.79985309385,96684.37073278255
2021-08-20,92308.47294484527,91325.63855320941,102298.87447705591,96812.25651513267
2021-08-23,93105.55216092605,93678.99999244622,102615.29996672794,98147.14997958708
2021-08-24,93475.52399478544,94753.96384411324,102755.93351769328,98754.94868090327
2021-08-25,93719.01306773207,95402.84201171467,102861.44277114458,99132.14239142963
2021-08-26,93394.96250467883,94153.51767943776,102802.83030703022,98478.173993234
2021-08-27,93391.3909108036,95528.752922477,103084.07468214272,99306.41380230986
2021-08-30,93446.44902641773,95286.62804169052,103213.03801196703,99249.83302682877
2021-08-31,93078.86760331916,93717.69992079075,103236.4011810673,98477.05055092902
2021-09-01,92897.39078383861,92691.15928858885,103324.6266892844,98007.89298893663
2021-09-02,93479.08883850058,94628.08806719417,103453.93092138157,99041.00949428786
2021-09-03,93455.53196761994,94415.01887477894,103465.65795956808,98940.33841717351
2021-09-07,93190.2344610298,93998.56864722582,103195.26564014175,98596.9171436838
2021-09-08,93131.28625335163,93349.6992630852,103312.89965109789,98331.29945709155
2021-09-09,93121.9974761847,92972.0104481023,103406.88640772639,98189.44842791435
2021-09-10,93053.34949724187,93039.7836317397,103254.09400902891,98146.9388203843
2021-09-13,93696.88457833606,94879.88353833638,103512.71383663236,99196.29868748438
2021-09-14,93263.52707833193,93165.70332596284,103465.65795956808,98315.68064276545
2021-09-15,93867.34304714612,95141.36716675594,103618.49581190194,99379.93148932894
2021-09-16,93642.2861749297,94250.37290182884,103583.24651688784,98916.80970935835
2021-09-17,93438.11312628991,93708.02933043502,103453.93092138157,98580.9801259083
2021-09-20,92737.66624199747,91790.49443330604,103089.46093805396,97439.97768568
2021-09-21,92889.56832957675,91858.28518386507,103265.82104721542,97562.05311554024
2021-09-22,93692.93066952314,94560.2709662527,103453.93092138157,99007.10094381715
2021-09-23,94312.56642314768,96903.94424821217,103500.99816185495,100202.47120503357
2021-09-24,94351.05491473514,97426.90272159046,103348.1262192938,100387.51447044214
2021-09-27,94537.9438573938,99722.1615675456,103254.09400902891,101488.12778828725
2021-09-28,94533.0351178546,100099.8503825285,102783.876140659,101441.86326159375
2021-09-29,93663.27877432403,100070.8210445397,102971.90647096149,101521.3637577506
2021-09-30,94468.96029839739,98250.10623595853,102854.37473068721,100552.24048332288
2021-10-01,94064.1358432933,101039.27665038154,103100.8698007858,102070.07322558368
2021-10-04,93910.66505879848,101416.95668190363,102735.24074973047,102076.09871581705
2021-10-05,94266.09504060971,102521.01135578514,102688.01442152975,102604.51288865745
2021-10-06,93683.38167284093,101620.35528396314,102629.09514536982,102124.72521466648
2021-10-07,93911.93806712789,102346.68600901851,102640.90172742,102493.79386821925
2021-10-08,94743.15291657604,104641.927288052,102334.1805891155,103488.05393858375
2021-10-11,94071.25332214378,103750.95059004656,102015.73241262448,102883.34150133553
2021-10-12,94068.11709085839,103770.31812114043,102204.4331840636,102987.37565260202
2021-10-13,94391.3502979213,104390.123033449,102475.75730303576,103432.94016824238
2021-10-14,95033.55481708574,105377.94617038473,103053.67756281239,104215.81186659855
2021-10-15,95231.74346210987,106152.72646528768,102876.79473683254,104514.76060106012
2021-10-18,95104.11467241515,106104.30324582254,102829.56840863184,104466.9358272272
2021-10-19,96035.18328161692,108176.79595862428,102900.3965375238,105538.59624807404
2021-10-20,96641.62492406515,109590.7662638513,102935.74810321975,106263.25718353552
2021-10-21,95797.83571463295,108215.53980427289,102676.26465652505,105445.90223039896
2021-10-22,96095.76301792332,109242.1067868572,102428.56506506234,105835.33592595978
2021-10-25,96586.41654898204,110259.00317908579,102605.52743490585,106432.26530699582
2021-10-26,96642.52897890187,110501.11049295065,102629.09514536982,106565.10281916024
2021-10-27,96555.87990864641,108535.1260259741,102546.51725147315,105540.82163872363
2021-10-28,95847.50342437357,109552.01363474187,102806.01206157696,106179.01284815941
2021-10-29,97027.8490213792,110878.79930793356,102534.69930601388,106706.74930697371
2021-11-01,96915.40118636965,110917.53437012136,102424.6901425608,106671.11225634108
2021-11-02,96040.0983561634,110239.6180810703,102673.10562879652,106456.3618549334
2021-11-03,95093.82324170836,109445.49660545589,102874.29478683154,106159.8956961437
2021-11-04,95307.82886065973,109929.72880010724,103146.44843466768,106538.08861738746
2021-11-05,96168.19908985114,111120.90662179842,103536.97471505115,107328.9406684248
2021-11-08,96335.92544497813,111517.9805347968,103406.79550045363,107462.38801762523
2021-11-09,96894.02263478767,112341.16648224326,103489.6233893504,107915.39493579682
2021-11-10,95135.34852489234,110549.52492895497,102909.82816707302,106729.67654801399
2021-11-11,94987.26063488329,110559.22186969314,102732.32035359294,106645.77111164303
2021-11-12,94897.84212356649,110627.01262025216,102767.81964360713,106697.41613192964
2021-11-15,96985.69296271718,113135.30552477928,102649.48110128706,107892.39331303317
2021-11-16,97243.86643341136,113580.81144070365,102696.8778806242,108138.84466066392
2021-11-17,96657.37897965524,113071.39706389983,102590.32319353613,107830.86012871798
2021-11-18,95683.07482677477,112121.12322194206,102507.54075827575,107314.33199010891
2021-11-19,93344.46176765596,109632.80390730497,102424.6901425608,106028.74702493288
2021-11-22,94966.22412998714,111592.12172752403,102034.1524987682,106813.13711314612
2021-11-23,96931.2149280894,113933.50252621114,101892.21215575689,107912.85734098402
2021-11-24,97591.96496295503,114805.37519694715,101868.50808438376,108336.94164066546
2021-11-26,97460.42373354544,112179.91092516719,101134.88639318122,106657.39865917421
2021-11-29,96089.06101872338,112512.98854267805,101762.03294115936,107137.5107419187
2021-11-30,97195.52654988343,110573.2578400732,101336.07555121624,105954.66669564473
2021-12-01,97699.62880168213,109818.92544194423,101350.32526622195,105584.62535408308
2021-12-02,95904.37418025406,112797.08958269251,102098.21939924838,107447.65449097045
2021-12-03,95206.38571307398,112081.95777017443,102098.21939924838,107090.0885847114
2021-12-06,96336.48518845128,113835.54058775757,102549.33537692882,108192.4379823432
2021-12-07,97595.13486834285,115520.50700946525,103095.44945464727,109307.97823205625
2021-12-08,97855.22628610683,116039.73251199776,103071.74538327416,109555.73894763595
2021-12-09,97411.98982809919,115736.02678744747,102608.70918945258,109172.36798845002
2021-12-10,97412.58763921076,115931.98579819787,102846.1703493203,109389.07807375908
2021-12-13,95157.51493092187,113522.04130440015,102846.1703493203,108184.10582686022
2021-12-14,95292.72274648582,113855.10135498938,102668.09436538542,108261.59786018741
2021-12-15,94583.16222275195,113208.54202104273,103059.8706207694,108134.20632090606
2021-12-16,95360.11473945843,114266.56257680038,102983.6221457389,108625.09236126964
2021-12-17,94184.55114619617,111288.4072195129,102888.32859706442,107088.36790828867
2021-12-20,94009.25728225669,111337.41014739173,102709.60489881111,107023.50752310142
2021-12-21,93965.74940135324,113120.38242485707,103257.59393903031,108188.98818194369
2021-12-22,94402.58127594813,113766.93297534289,103531.599822549,108649.26639894594
2021-12-23,94519.4542866733,114041.24924001105,103829.40068471358,108935.32496236231
2021-12-27,96426.80771548841,116372.81891296942,103936.63717634739,110154.7280446584
2021-12-28,96292.19333856783,116147.47922579767,103888.94494837376,110018.2120870857
2021-12-29,95942.08678146503,115549.88768588657,103722.19828330707,109636.04298459682
2021-12-30,95614.30913350744,115040.4908760044,103674.55150896982,109357.52119248711
2021-12-31,95583.7478341689,114962.11605516505,103650.73380350575,109306.4249293354
2022-01-03,96788.71615762339,116833.24792881601,103603.07566575942,110218.16179728771
2022-01-04,98103.91127879139,118959.09138259929,103341.00136179094,111150.04637219512
2022-01-05,98391.32182099516,119733.0108983425,102542.86959715352,111137.94024774802
2022-01-06,98447.28847034344,120751.87478579333,102554.75572306736,111653.31525443034
2022-01-07,98438.68074709967,122485.84413537984,102292.6814190989,112389.26277723938
2022-01-10,98508.91601117305,122564.21895621918,102376.05475163224,112470.13685392571
2022-01-11,98669.02766856576,125366.00242037045,102852.57931205012,114109.29086621029
2022-01-12,98756.17359010168,124739.03898749885,103019.3941575714,113879.21657253512
2022-01-13,98717.93171802122,124219.81348496632,102650.07199856003,113434.94274176317
2022-01-14,98742.08230935277,126335.8809468641,102554.75572306736,114445.31833496573
2022-01-18,98671.34096908402,126747.3158182927,102054.4248205945,114400.87031944361
2022-01-19,98693.47720501793,126286.8955859069,101959.16536214731,114123.0304740271
2022-01-20,98692.58341483926,125836.2425619458,101768.53281116196,113802.38768655388
2022-01-21,98737.74398061281,124327.58654914865,101780.441663894,113054.01410652132
2022-01-24,98754.47179352016,124592.07412116643,101673.22789907838,113132.65101012241
2022-01-25,98726.24445908287,129891.99680914437,101375.39294668652,115633.69487791545
2022-01-26,98686.2469402849,129989.97631451956,101029.9680370029,115509.97217576123
2022-01-27,98705.84194854338,132615.44058629952,100589.19276159932,116602.31667394942
2022-01-28,100490.32670890092,127952.30124038276,100875.11886125914,114413.71005082096
2022-01-31,99965.3294699592,128657.65706101537,100898.90247649593,114778.27976875566
2022-02-01,97288.89324607751,132047.22093934898,101299.41719347432,116673.31906641164
2022-02-02,96610.55927396035,132654.62360498877,101454.86862990013,117054.74611744445
2022-02-03,97183.82007297785,131469.24286743457,100546.20498499121,116007.7239262129
2022-02-04,96475.94818936921,133115.0614042962,100151.69014801523,116633.3757761557
2022-02-07,98214.42989857205,135730.75846765147,100079.94158298652,117905.350025319
2022-02-08,96481.94752155239,133663.66758325006,99972.36418907986,116818.01588616497
2022-02-09,97284.17047099501,134986.20206140797,100498.43321315393,117742.31763728094
2022-02-10,95835.90094279918,133271.82861289656,99171.38020875947,116221.604410828
2022-02-11,97691.8142407378,135985.43491394052,98824.64850702987,117405.0417104852
2022-02-14,95974.89217075706,133888.9721365786,98657.20867400835,116273.09040529348
2022-02-15,95095.35308763446,132908.9574963061,98824.64850702987,115866.80300166798
2022-02-16,94980.38104465787,132948.535770732,99374.56932679529,116161.55254876365
2022-02-17,94853.5738347262,132265.49872402663,98956.13451367336,115610.81661884999
2022-02-18,94858.81265541923,132077.40091070434,99099.60891691258,115588.50491380846
2022-02-22,95479.76606477032,131067.65425557799,98872.45436909444,114970.05431233621
2022-02-23,95369.90750739184,134185.9936474498,98693.13977356817,116439.56671050898
2022-02-24,94730.8171058189,133493.03129002513,99398.51202975941,116445.77165989227
2022-02-25,98685.2692589778,138967.36715937784,99960.42124612053,119463.89420274919
2022-02-28,98548.42913569641,142550.94890362208,100032.13572092194,121291.54231227201
2022-03-01,101654.08265318134,148213.36501937543,99752.55040353739,123982.9577114564
2022-03-02,101654.08265318134,152588.93385825638,99992.51151340609,126290.72268583124
2022-03-03,101702.40071187458,154648.00544293498,99692.57433033158,127170.28988663328
2022-03-04,101804.33833816178,157053.47915517862,99044.56456325419,128049.0218592164
2022-03-07,101904.83194815974,160409.42872897876,98180.60456972678,129295.01664935276
2022-03-08,102002.44249098403,168813.97104303772,97832.64561981488,133323.3083314263
2022-03-09,102096.8070311564,164596.82070339008,98648.57248309579,131622.69659324293
2022-03-10,102187.94994140862,169101.0672431896,97820.63449640098,133460.8508697953
2022-03-11,102276.03601504226,169180.20622511973,97112.66001952688,133146.4331223233
2022-03-14,102361.27414332457,165042.2827020104,95960.70578588429,130501.49424394734
2022-03-15,102443.87819034795,156687.22640617497,96680.68002276319,126683.95321446907
2022-03-16,102524.0512915222,156122.95931659054,98036.63017648738,127079.79474653896
2022-03-17,102601.98020619992,158825.4896735486,98708.59400993798,128767.0418417433
2022-03-18,102677.83406859283,160102.53460815313,99032.57616665849,129567.55538740581
2022-03-21,102751.76502937164,162983.21111733175,97892.63305642978,130437.92208688078
2022-03-22,102823.90964360435,162438.7770822643,98396.60024981319,130417.68866603874
2022-03-23,102894.39047808047,164190.9721130389,98084.65194332477,131137.81202818186
2022-03-24,102963.31769975783,164626.54393478314,98288.62513658818,131457.58453568566
2022-03-25,103030.79054464686,167606.2451811738,97580.67338653227,132593.45928385304
2022-03-28,103096.8986322721,164676.04751992834,98192.5929663225,131434.32024312543
2022-03-29,103141.09077717738,162666.44438655168,99404.58009021638,131035.51223838402
2022-03-30,104308.86261939112,163814.8116202376,99104.58609009639,131459.698855167
2022-03-31,102645.48437790253,161191.45537905287,98744.60465336149,129968.03001620718
2022-04-01,103617.88070333557,162567.47235010454,98737.41161540405,130652.4419827543
2022-04-04,103909.15788469388,162715.9655386185,99484.35122206647,131100.15838034247
2022-04-05,103458.63039761929,161716.12662728984,98195.17246018717,129955.6495437385
2022-04-06,104540.510425799,163151.5197934411,97424.07424578781,130287.79701961446
2022-04-07,106139.77444148346,165418.4958955766,97267.45237822516,131342.97413690088
2022-04-08,107642.44357798772,168219.9807220602,96677.07782207993,132448.52927207007
2022-04-11,105472.69149267643,163893.98573601097,96014.39789386031,129954.19181493565
2022-04-12,107777.99239381836,167309.25880414585,96749.34910392702,132029.30395403644
2022-04-13,108062.58787944862,169942.50522220662,97327.67844643108,133635.09183431885
2022-04-14,108191.83052682984,169863.27840566836,96677.07782207993,133270.17811387414
2022-04-18,108316.62368307184,172140.16225160152,96520.43322769909,134330.2977396503
2022-04-19,108437.40159292144,170100.88858759665,96436.11673221081,133268.50265990372
2022-04-20,108554.53310632131,170793.8333780997,96737.33798051311,133765.58567930642
2022-04-21,105737.30405233389,162923.8349222321,96074.66941570259,129499.25216896736
2022-04-22,103569.56521370308,159330.38056803343,95496.32870978944,127413.35463891143
2022-04-25,101505.70420834255,155905.19975610086,96303.61938215782,126104.40956912935
2022-04-26,101008.41303097004,154954.81172915248,95737.26707284036,125346.03940099642
2022-04-27,100929.30034032368,154667.7682297655,95267.40715185697,124967.58769081123
2022-04-28,101009.7246891722,160161.89323633112,95797.56132150085,127979.72727891599
2022-04-29,98079.88238959189,155093.4147407904,94616.77811898309,124855.09642988675
2022-05-02,100002.82717510716,158142.45262684327,94622.84617944005,126382.64940314167
2022-05-03,101784.96735723045,160854.87316067744,95118.73967066113,127986.80641566929
2022-05-04,104523.21821766759,165903.57130246604,96086.3964538891,130994.98387817756
2022-05-05,104421.85957224411,164586.9129595924,94380.87374616144,129483.89335287691
2022-05-06,104792.78316817846,168972.35440842775,93848.68552628948,131410.51996735862
2022-05-09,100301.82013718422,157647.4519092345,92856.89286214276,125252.17238568864
2022-05-10,101376.5396421476,159162.0191911592,93389.09244542383,126275.55581829151
2022-05-11,102976.99273339889,161518.0947197874,92832.71152758763,127175.40312368752
2022-05-12,104054.82439944292,163052.54775699397,92796.42248064131,127924.48511881764
2022-05-13,105368.16743867836,166180.70705805533,92905.27825807121,129542.99265806327
2022-05-16,105470.68329372231,171269.00104119146,92772.22978267708,132020.61541193427
2022-05-17,105569.94453679863,172278.76526323945,92687.5553398023,132483.16030152087
2022-05-18,105666.24174337139,167737.48765264996,91925.51944415657,129831.50354840327
2022-05-19,105759.826441268,166539.75736919188,92542.41619713062,129541.08678316124
2022-05-20,105850.91764813663,167497.92754242104,92481.90036199277,129989.9139522069
2022-05-23,105939.70719775301,171390.45873732129,92844.81923997884,132117.63898865005
2022-05-24,106026.36406964727,172308.68173077042,93401.21152122412,132854.94662599725
2022-05-25,106111.03791541484,175073.4165572101,94816.35935463109,134944.8879559206
2022-05-26,106193.86194262088,176251.08541617004,96134.75912299936,136192.9222695847
2022-05-27,106253.70029460915,177937.8787977269,96993.54876538833,137465.71378155763
2022-05-31,105249.87738032122,174324.80219207075,96158.9290941454,135241.8656431081
2022-06-01,104410.44106412416,175981.59127148852,95803.1521187758,135892.37169513217
2022-06-02,104445.25936424333,175662.25977015088,96203.88274052701,135933.07125533896
2022-06-03,103130.06874142455,177259.18078066345,95487.49934092228,136373.34006079286
2022-06-06,102922.35667837923,176490.64552639896,94771.09321449934,135630.86937044916
2022-06-07,102870.75804742317,179854.16644342037,94989.66838845042,137421.9174159354
2022-06-08,102768.02803745476,180782.3850152753,94176.0994325568,137479.24222391605
2022-06-09,101352.54392424604,177179.30398802497,93423.2792616875,135301.29162485624
2022-06-10,101606.18770096217,175063.385844961,91832.63493821032,133448.01039158567
2022-06-13,104127.79443390829,167008.86444432224,88760.6054697088,127884.73495701552
2022-06-14,103956.7504204676,167228.4158308179,89343.44608562374,128285.93095822082
2022-06-15,105680.92558142636,163944.77170643496,91079.83181245466,127512.30175944482
2022-06-16,108996.93759362388,155181.65338812338,89634.84366676303,122408.24852744321
2022-06-17,112042.31882768532,148095.26260527637,89914.13353551111,119004.69807039373
2022-06-21,109052.31224668874,154293.32929528362,89853.44724923684,122073.38827226023
2022-06-22,111858.41950510869,147586.22591728755,89829.13523547711,118707.68057638232
2022-06-23,114281.19961975774,142156.65934770153,90472.70190959817,116314.68062864985
2022-06-24,113231.73882355462,144492.19036148684,91116.24585690105,117804.21810919394
2022-06-27,111652.42829833791,147286.78017123183,90557.70020963218,118922.240190432
2022-06-28,110150.146047433,149652.27156985214,89562.02694127936,119607.14925556575
2022-06-29,109962.17766275298,146697.93695829104,89428.46711247593,118063.2020353835
2022-06-30,109343.72373298949,144502.15958951024,89379.84876666103,116941.00417808563
2022-07-01,109806.40170409955,146228.812316239,90232.41694257024,118230.61462940462
2022-07-05,110358.08332991862,142386.1887456814,90147.06637685429,116266.62756126784
2022-07-06,110228.56402461795,140509.81314592474,89805.54479819494,115157.67897205983
2022-07-07,110919.44690259876,143244.56123714693,91269.15188968948,117256.8565634182
2022-07-08,110994.91101703282,142496.0171396941,91342.3549710824,116919.18605538824
2022-07-11,110636.4717829192,141238.43635425242,90830.05271712747,116034.24453568994
2022-07-12,111345.14425782097,138653.39356913645,91195.9772168193,114924.68539297787
2022-07-13,111322.80260654583,137725.20134766397,91098.41666803029,114411.80900784713
2022-07-14,111448.22635993756,135679.1380684502,90927.66440125743,113303.40123485381
2022-07-15,112101.36439140998,137385.81720528897,92086.36281819818,114736.09001174357
2022-07-18,110827.93000541544,139312.16191361393,91195.9772168193,115254.06956521662
2022-07-19,110913.14745617211,144332.48947697476,92403.49283923412,118367.99115810444
2022-07-20,110842.85961930784,146238.79911118402,92806.00183450876,119522.40047284639
2022-07-21,111983.37209759802,145120.97197074688,93903.70715312967,119512.33956193828
2022-07-22,112018.61535818466,143913.2724592654,93781.7380016036,118847.5052304345
2022-07-25,111678.66826809842,148195.0075862751,93757.34076227566,120976.1741742754
2022-07-26,110780.37991528018,147037.29475028356,93098.70052598948,120067.99763813653
2022-07-27,112016.1838895375,148973.55598586705,94123.2538985584,121548.40494221271
2022-07-28,113046.10651168409,150101.36992124925,95086.79712769382,122594.08352447153
2022-07-29,112955.24204593063,163465.68661982036,95367.29719951056,129416.49190966546
2022-08-01,112990.06070060557,160201.94581764095,95396.69433884049,127799.32007824072
2022-08-02,112467.98949630975,158834.62447279473,94955.91338173236,126895.26892726355
2022-08-03,113454.17035238587,155061.82941570485,95788.53877467905,125425.18409519194
2022-08-04,113758.69562516325,150849.94915254533,96045.64726887281,123447.79821070906
2022-08-05,113178.59557292348,153345.13713353864,95555.87297344963,124450.50505349413
2022-08-08,113280.13091535398,153115.6077355588,95641.59853166573,124378.60313361225
2022-08-09,112438.9649780235,155111.73704004748,94931.40819001802,125021.57261503275
2022-08-10,114121.29685268443,155520.94091242942,96351.78887331345,125936.36489287144
2022-08-11,113468.61195132915,159313.6392917228,95800.73171263847,127557.18550218063
2022-08-12,114483.8442438629,159543.22139046752,96657.8850241177,128100.5532072926
2022-08-15,114280.84085443034,156509.06268703283,96486.49072473096,126497.7767058819
2022-08-16,113744.21364896293,156109.83682613508,96033.4202406861,126071.62853341059
2022-08-17,112569.49792056886,157397.35164602933,95041.61621313028,126219.48392957982
2022-08-18,112743.5575462293,160156.9393644323,95188.57350125725,127672.75643284478
2022-08-19,111597.8259588644,158817.46159036504,94221.2405751885,126519.35108277676
2022-08-22,110336.09724149725,158021.8205760299,93155.97210783057,125588.89634193023
2022-08-23,110611.65183233112,163148.18207833194,93388.62086394636,128268.40147113915
2022-08-24,110742.1713157908,164356.75115243398,93498.81752364953,128927.78433804176
2022-08-25,111786.34737209664,165796.97522203272,94380.40784638852,130088.69153421062
2022-08-26,109944.49168431833,164578.35786875998,92825.34235678923,128701.85011277461
2022-08-29,109922.50278598147,165807.05863504668,92470.25854937447,129138.65859221057
2022-08-30,110355.50251758097,161768.3882191305,91760.09661624949,126764.24241769
2022-08-31,112064.80730885567,159190.0735649977,91258.06120241231,125224.067383705
2022-09-01,113542.99241020305,156652.0574290775,91499.23819705425,124075.64781306588
2022-09-02,111621.87326813741,158978.5853955289,91437.71101850692,125208.14820701792
2022-09-06,111775.65799548264,158243.3570246694,91191.61934943119,124717.4881870503
2022-09-07,112816.12825958601,156218.9801102043,92508.21233575328,124363.5962229788
2022-09-08,111977.94645129048,157064.9854888444,92914.32921341574,124989.65735113007
2022-09-09,109035.72520330448,161113.7217508529,93283.43546765429,127198.5786092536
2022-09-12,107104.07064723279,163661.82129978706,93566.46957969932,128614.14543974318
2022-09-13,108938.01638667702,160549.7357320145,91437.71101850692,125993.72337526071
2022-09-14,106142.71975276724,164437.33062193752,91573.08331106105,128005.20696649929
2022-09-15,107703.83389251758,161768.3882191305,90994.72556003426,126381.55688958237
2022-09-16,110288.40124237693,157568.54129728553,91302.38986129369,124435.46557928961
2022-09-19,109795.72496503187,158021.8205760299,91646.91706165877,124834.36881884432
2022-09-20,110024.3158701462,157397.35164602933,90711.71985651196,124054.53575127065
2022-09-21,110692.9890334616,156118.26894851608,90441.03208844914,123279.65051848261
2022-09-22,110599.33022832361,155997.44366156482,89899.61678039166,122948.53022097824
2022-09-23,117187.69877690302,145805.08059967143,88755.25898572938,117280.16979270041
2022-09-26,119567.55311686033,141967.84129059254,87709.31967724282,114838.58048391767
2022-09-27,119367.71732221209,142028.262717529,87524.74950500991,114776.50611126945
2022-09-28,119188.05968678389,146822.2668461069,89087.47961404409,117954.8732300755
2022-09-29,118456.53759174568,145805.08059967143,88250.74066700484,117027.91063333814
2022-09-30,117735.23767524712,144697.21390379686,87844.68628809242,116270.95009594463
2022-10-03,121211.4837752077,152814.8269034594,88995.91326355292,120905.37008350616
2022-10-04,122603.99603106285,158757.01381304613,90912.6135659105,124834.81368947832
2022-10-05,122467.06739106729,159663.4669690051,90554.03551019888,125108.75123960199
2022-10-06,122381.62509458173,162574.11264647957,90282.01254156735,126428.06259402346
2022-10-07,121736.46020771516,161174.1695281718,89181.42659874076,125177.79806345628
2022-10-10,121094.90793661552,158263.47114993245,88093.23813523729,123178.35464258486
2022-10-11,121359.22080475338,158293.68625513106,88365.28383068703,123329.48504290904
2022-10-12,121537.2862008093,158767.0796591385,88513.68427176912,123640.3819654538
2022-10-13,121745.29038682953,166461.689969481,88711.50417900733,127586.59707424417
2022-10-14,121627.97090206969,161284.94653595236,88427.14622980267,124856.04638287751
2022-10-17,122426.27588400008,162463.30050485575,89515.2835579652,125989.29203141047
2022-10-18,122916.29476754335,163883.4280161131,90145.9243542402,127014.67618517665
2022-10-19,122403.40209508974,169201.14599569928,89280.36212003033,129240.7540578648
2022-10-20,122136.7670868634,170168.01179513385,88785.7242855143,129476.86804032407
2022-10-21,122770.05146414925,174428.28892737607,89638.9458574465,132033.61739241128
2022-10-24,122872.37907497425,174367.84115005718,89700.80257485759,132034.32186245738
2022-10-25,123510.85516737794,176180.6947612102,90566.34208224926,133373.51842172974
2022-10-26,123734.44381568472,178356.14720166844,90813.70077143912,134584.9239865538
2022-10-27,123766.53554208974,179171.93747510985,91481.44309841076,135326.6902867603
2022-10-28,122486.67996826104,181266.79287914291,92186.26991096542,136726.53139505416
2022-10-31,122498.28392541502,182193.36016036491,90801.32033722963,136497.34024879726
2022-11-01,123134.69460888027,183522.8072221831,91347.51964051629,137435.16343134968
2022-11-02,120473.09607056738,179776.22201216087,90515.83741052452,135146.0297113427
2022-11-03,121240.09087733057,182424.99758894,89870.35032026633,136147.67395460315
2022-11-04,122295.11092795896,184731.3762962851,90490.98563483276,137611.18096555892
2022-11-07,123112.01322017147,186937.02627502035,90478.59951891871,138707.81289696952
2022-11-08,122642.46945989795,186665.1254620759,90391.7319380885,138528.4287000822
2022-11-09,118129.73519415047,179202.13501338687,89311.79330958835,134256.96416148762
2022-11-10,120562.81559920493,182596.27507480435,92092.3058811551,137344.29047797972
2022-11-11,123111.57969659813,187793.132633596,92415.0380628751,140104.08534823556
2022-11-14,122686.12863424247,187883.76038227027,91732.29035419291,139808.02536823158
2022-11-15,123510.12838413537,189394.49807528022,92539.12649019746,140966.81228273886
2022-11-16,121623.51100347427,186312.61004578468,92340.53387114077,139326.5719584627
2022-11-17,121547.64663472759,186840.35550530636,91943.33726961825,139391.8463874623
2022-11-18,120828.58459112281,185723.94250206015,92141.9469337886,138932.94471792437
2022-11-21,119694.39945372933,183947.8213240294,92104.6976787737,138026.25950140157
2022-11-22,122170.59712437769,188667.24508683945,92775.00813620091,140721.1266115202
2022-11-23,121289.19465213093,186992.62558197015,93296.36134550037,140144.49346373527
2022-11-25,120757.10882017687,186444.59032796914,93110.17188747136,139777.38110772026
2022-11-28,120552.40921295584,181024.79096680784,92129.52672764727,136577.15884722755
2022-11-29,122602.86286764906,183734.66429700603,92526.74037428343,138130.70233564475
2022-11-30,124143.8946694961,186048.7197491022,93916.99097836226,139982.85536373223
2022-12-01,123661.67321183982,185216.5044039394,94264.77947713774,139740.64194053857
2022-12-02,122823.41557067525,183734.66429700603,94189.9798367669,138962.32206688647
2022-12-05,119945.88004686059,179197.8662514315,93292.46369618064,136245.16497380607
2022-12-06,117008.50489515843,174579.90902793966,92955.91360900056,133767.9113184701
2022-12-07,117485.42355650314,175097.50080676086,93466.99429647771,134282.24755161928
2022-12-08,118301.79075385908,176132.77219901144,93541.80530025763,134837.28874963452
2022-12-09,114679.42812271441,170509.98705844884,93541.80530025763,132025.89617935324
2022-12-12,115979.95720325135,172286.14337032282,93903.29238869768,133094.71787951025
2022-12-13,118648.55755791666,176122.61851831098,94875.63089647298,135499.12470739198
2022-12-14,117947.56539215507,174904.66870806008,94339.5847992131,134622.12675363658
2022-12-15,117182.45161629682,173595.40603919144,93983.72827997986,133789.56715958565
2022-12-16,115718.1306835911,171240.75343121504,93482.47125966572,132361.61234544037
2022-12-19,116603.12362644121,172418.08851866407,93006.2762381116,132712.18237838784
2022-12-20,118587.22907748182,175249.75331650305,92768.13895540273,134008.9461359529
2022-12-21,120055.28342674633,177310.0897195388,93557.67430105944,135433.88201029913
2022-12-22,118378.20850701108,174650.94965899969,92981.1801491243,133816.064904062
2022-12-23,122065.66147613827,180050.44165876007,93219.32311353774,136634.8823861489
2022-12-27,123662.6749184164,182313.78140811875,92254.41627531085,137284.0988417148
2022-12-28,123725.86380869121,179624.14517163497,91013.79336049643,135318.9692660657
2022-12-29,125217.49198034592,180984.19381092757,92191.74707414943,136587.9704425385
2022-12-30,125498.62389105458,182171.6474452338,92266.92738872496,137219.28741697938
2023-01-03,124733.40123304598,176589.47702747307,92442.36706174967,134515.92204461136
2023-01-04,125531.76914506884,174711.83660935928,93507.52757672119,134109.68209304023
2023-01-05,125916.68603107987,177858.19524122632,93319.5427000551,135588.8689706407
2023-01-06,127535.18090151029,179197.8662514315,94647.8399977455,136922.8531245885
2023-01-09,127671.19638984116,177797.25559010188,94986.1911852672,136391.72338768456
2023-01-10,127737.53125306306,178670.08565806656,94873.42071340392,136771.75318573523
2023-01-11,128259.38712627426,177817.58051842445,95499.9422738818,136658.76139615313
2023-01-12,129166.2089440972,179725.64684479643,96038.80649659735,137882.2266706969
2023-01-13,129277.99781749034,180212.81271535947,96038.80649659735,138125.8096059784
2023-01-17,129484.98002539492,183186.5939091618,95713.04028464886,139449.81709690532
2023-01-18,129056.39048968256,179877.8993545386,95825.76530287576,137851.83232870718
2023-01-19,128816.36288900248,181674.3454608919,95261.90726185478,138468.12636137335
2023-01-20,129364.88106916555,183602.71914866482,95449.84100317994,139526.28007592238
2023-01-23,129334.40922894985,183359.1362133833,95437.34125317493,139398.2387332791
2023-01-24,129451.5902610339,183531.6960845264,95499.9422738818,139515.8191792041
2023-01-25,129156.08962490044,181755.52220573078,95487.4425238768,138621.4823648038
2023-01-26,129982.3645599052,190595.6539084556,95725.54003465385,143160.59697155474
2023-01-27,129214.40873417746,182131.0678562752,95437.34125317493,138784.20455472506
2023-01-30,129210.25084265065,176802.61648757482,94911.01087069168,135856.81367913325
2023-01-31,129843.62470248414,176619.9380695745,95650.32562985104,136135.13184971278
2023-02-01,129541.11485818496,173920.2008531551,96655.18053275299,135287.69069295406
2023-02-02,129096.93462092345,171535.06963615568,97209.22627002005,134372.14795308787
2023-02-03,128666.82646606781,171981.6559177601,96189.26939643026,134085.46265709517
2023-02-06,128412.82174405799,172174.50558338253,95572.28173618346,133873.393659783
2023-02-07,130384.94769445139,176690.97870063453,95912.26357291036,136301.62113677245
2023-02-08,128679.59074320816,172539.87998630482,95509.33981320374,134024.6098997543
2023-02-09,127762.74436830921,170956.57334005326,94892.30669932056,132924.4400196869
2023-02-10,128652.9447896714,174539.27673821614,94162.00880527844,134350.64277174728
2023-02-13,128534.76353263503,173564.98013093328,94401.21424844231,133983.0971896878
2023-02-14,129109.94723428236,174894.55016120285,94426.40124470239,134660.47570295262
2023-02-15,128403.32704290174,173051.49901177283,94275.31903907377,133663.4090254233
2023-02-16,127043.54684646001,170553.16655180827,93519.78869513518,132036.47762347173
2023-02-17,125965.63955666269,166744.18363616656,93884.96889153126,130314.57626384891
2023-02-21,124351.25425817833,164849.9249101935,92436.9183070884,128643.42160864096
2023-02-22,124581.22598282759,164184.419651272,93041.32099176198,128612.870321517
2023-02-23,125858.22084814875,165802.19259775596,93960.5298803115,129881.36123903372
2023-02-24,125710.7588966995,166293.64479719603,93393.87075894845,129843.75777807223
2023-02-27,126350.03717568023,166713.45909024074,94023.4718032912,130368.46544676597
2023-02-28,125519.09449696795,164614.44032578208,93847.20828310706,129230.82430444457
2023-03-01,125548.82663932956,165925.03808069436,93581.20223959157,129753.12016014296
2023-03-02,125701.72821563069,166447.26752682513,93695.17155111444,130071.21953896979
2023-03-03,126993.40694889406,168904.65149247687,94657.959113545,131781.30530301094
2023-03-06,126993.40694889406,170143.59377407216,94657.959113545,132400.77644380857
2023-03-07,126092.64523238258,167952.40137183605,93986.55208714008,130969.47672948806
2023-03-08,125497.73240402638,166887.56485048705,93543.11777400816,130215.3413122476
2023-03-09,124800.9283861584,164348.24876236645,93023.73611618677,128685.99243927661
2023-03-10,124817.93438928555,163488.13714565983,93036.41199903275,128262.27457234629
2023-03-13,124138.12112936038,162505.21517985806,92529.69486064825,127517.45502025315
2023-03-14,125038.88284587185,164604.2163773951,93201.10188705317,128902.65913222413
2023-03-15,124630.98269376926,157477.77301323824,92897.0625132952,125187.41776326671
2023-03-16,125446.76013019789,157979.48429490856,93505.12421569749,125742.30425530302
2023-03-17,124698.95334813275,155982.86311661432,92947.72627274727,124465.2946946808
2023-03-20,124359.05434076235,158276.4179711716,92694.37338525958,125485.3956782156
2023-03-21,125718.73421875783,163119.53042915813,93707.8474339604,128413.68893155927
2023-03-22,125837.70763731847,159802.08754756465,93796.52747854133,126799.30751305299
2023-03-23,125344.83845031745,158215.00401316324,93429.15414418984,125822.07907867654
2023-03-24,125089.87036488466,159791.81089841278,93239.10680877292,126515.45885359285
2023-03-27,124783.96811858423,161419.82536020534,93011.09432356808,127215.45984188671
2023-03-28,124715.95172866774,163303.86013779143,92960.3964738887,128132.12830584007
2023-03-29,126279.61979567539,164706.5963966379,94125.91861799128,129416.25750731459
2023-03-30,126254.36387171625,166273.17933350045,94683.30519753242,130478.24226551643
2023-03-31,127622.61865743822,167061.61790996848,95709.4153571474,131385.51663355794
2023-04-03,127524.2340780807,174013.95551387902,95635.63274189061,134824.79412788482
2023-04-04,127150.92422414095,173082.18842385538,95355.6724320059,134218.93042793064
2023-04-05,126438.2004509639,173942.2824736404,94821.17175838302,134381.72711601172
2023-04-06,126998.18796048415,171658.95156747007,95241.12926832371,133450.04041789687
2023-04-10,126879.4082411582,172314.26801184783,95152.05150442445,133733.15975813614
2023-04-11,127150.92422414095,173266.5356994103,95355.6724320059,134311.10406570812
2023-04-12,127116.96767981011,173880.85094871037,95330.207032223,134605.52899046667
2023-04-13,127982.4125642369,176205.1303491935,95979.23950611897,136092.18492765623
2023-04-14,127744.85312558497,176563.5131173082,95801.08397832043,136182.2985478143
2023-04-17,127405.42405394054,175007.17169575425,95546.53225117316,135276.85197346372
2023-04-18,127490.27753374985,174597.58135109654,95610.1673421077,135103.87434660213
2023-04-19,126981.20968831875,174761.46316295586,95228.39656843228,134994.92986569408
2023-04-20,126862.392087975,173911.5754946362,95139.29039601027,134525.43294532323
2023-04-21,127252.71809509794,173164.12054632424,95432.01181430917,134298.0661803167
2023-04-24,127609.10271029713,175580.53845074156,95699.27919623426,135639.9088234879
2023-04-25,127405.42405394054,173031.05111499887,95546.53225117316,134288.79168308602
2023-04-26,126913.37236169261,169949.04011705192,95177.52258591192,132563.2813514819
2023-04-27,127337.55642250017,170942.2211650839,95495.63554183462,133218.92835345925
2023-04-28,127880.55808365146,172611.2016881109,95902.85467017932,134257.0281791451
2023-05-01,127854.98197203474,171239.154841347,95463.20437227619,133351.17960681158
2023-05-02,131171.5402360672,163867.00294439174,95373.75161587677,129620.37728013426
2023-05-03,133625.60687764277,160580.21434103753,95322.61059324269,127951.41246714011
2023-05-04,133892.69932540169,159955.6224425856,95041.38894494837,127498.50569376699
2023-05-05,130473.10753668919,164041.07357079478,95552.65712867561,129796.86534973519
2023-05-08,130629.48575450676,163396.01620864726,95284.29317777281,129340.15469321003
2023-05-09,130687.13398198332,162925.01190598114,95041.38894494837,128983.20042546475
2023-05-10,131968.7284020975,160846.4410382964,95616.55357801935,128231.49730815788
2023-05-11,132382.2286557927,159955.6224425856,95463.20437227619,127709.4134074309
2023-05-12,131840.110480907,160365.19522032168,95118.10900145634,127741.652110889
2023-05-15,131173.2106150609,160959.06257284782,95092.53564928702,128025.79911106742
2023-05-16,133781.65310512815,157180.8393369752,94427.91257811208,125804.37595754364
2023-05-17,131896.66728301518,159433.46326414132,94683.52678400978,127058.49502407556
2023-05-18,131848.6012429908,159236.9948126637,94734.67348834842,126985.83415050607
2023-05-19,130719.37599357887,160498.4227539417,94836.91007998023,127667.66641696097
2023-05-22,132692.4612339305,157613.68828586722,95258.68573537622,126436.18701062171
2023-05-23,129113.12111196338,162173.41116416515,94760.2070685859,128466.80911637553
2023-05-24,128619.44211309066,162607.66546678735,94095.64081445643,128351.6531406219
2023-05-25,130547.0224521871,159805.67119957655,94031.69891147631,126918.68505552644
2023-05-26,130757.57653351231,159309.38809668904,94606.85786284275,126958.1229797659
2023-05-30,131342.8620814637,158316.80432399234,95015.87240982454,126666.33836690844
2023-05-31,131164.66285194262,155731.95477501428,94721.8612445933,125226.9080098038
2023-06-01,131952.46681495506,157324.2381182173,95290.78168436632,126307.5099012918
2023-06-02,132628.27471863106,161563.34710989884,95778.82305990244,128671.08508490064
2023-06-05,132521.5893259649,160787.89048851325,95701.77914623526,128244.83481737426
2023-06-06,132734.97584660587,161077.41092384967,95855.87833697871,128466.6446304142
2023-06-07,132005.86458486845,165254.54381603075,95329.34341313173,130291.94361458125
2023-06-08,132841.62976865473,164644.49732868606,95932.89952382771,130288.69842625689
2023-06-09,132877.25450744474,164251.6131264957,95958.62628201982,130105.11970425776
2023-06-12,132734.97584660587,162669.6942670527,95855.87833697871,129262.78630201571
2023-06-13,132895.05114153106,163889.7169740556,95971.47829770678,129930.59763588119
2023-06-14,132948.4095731728,162421.50879830486,96010.01161794947,129215.76020812716
2023-06-15,133588.5691350958,163651.93112291102,96472.30919017983,130062.12015654542
2023-06-16,133250.70058770227,162597.28341610573,96228.31407008224,129412.79874309398
2023-06-20,132895.05114153106,158895.82762774357,95971.47829770678,127433.65296272517
2023-06-21,132557.1353882116,160136.5266015016,95727.44908738189,127931.98784444174
2023-06-22,132165.924144485,157820.52122110483,95444.9320104507,126632.72661577776
2023-06-23,131934.74098975767,156486.6999958015,95277.98080402029,125882.3403999109
2023-06-26,132005.86458486845,159236.9948126637,95329.34341313173,127283.16911289771
2023-06-27,132450.44999554544,158740.69414285457,95650.40517371471,127195.54965828464
2023-06-28,133215.15452545555,160177.89670193344,96202.6441289356,128190.27041543453
2023-06-29,132859.4578733584,161542.67084314371,95945.77426633285,128744.22255473828
2023-06-30,132832.8859817837,162690.35296688616,96408.10592879052,129549.22944783834
2023-07-03,131664.67381736732,162545.6015326788,96257.02940486645,129401.31546877262
2023-07-05,131839.9913903503,161615.04656024743,95960.08079838404,128787.56367931573
2023-07-06,132705.11133234474,158068.67155600942,95262.82201628695,126665.74678614819
2023-07-07,132012.21059266725,159454.15709781807,95353.1952088231,127403.67615332059
2023-07-10,131739.6185863663,160519.0814537752,95830.95838083238,128175.01991730378
2023-07-11,131383.09480484808,163486.5034219485,96347.43668762989,129916.97005478918
2023-07-12,132401.77055437016,165058.07536455314,97096.30807383852,131077.19171919583
2023-07-13,131773.80254963625,162855.7982347703,97677.33054429821,130266.56438953427
2023-07-14,132686.98624635246,158792.4287270464,96967.17429287778,127879.8015099621
2023-07-17,132755.87091988197,158647.677292839,97147.94340476827,127897.81034880364
2023-07-18,132702.70168933374,158968.18577792565,97419.09707260401,128193.64142526482
2023-07-19,132255.06068608884,159940.0757169456,97496.58415922591,128718.32993808575
2023-07-20,131139.74019841934,161708.11611102786,97070.47904496455,129389.29757799621
2023-07-21,131377.15538610186,164075.8209417732,97315.80368392632,130695.81231284977
2023-07-24,132489.87069704084,167312.10464544946,97147.94340476827,132230.02402510887
2023-07-25,132667.98057800997,168077.1616492318,97083.42196792428,132580.29180857804
2023-07-26,132332.85751289746,166815.78640871868,97470.72104012466,132143.25372442167
2023-07-27,131005.58474374725,165078.7691982299,96696.03198845114,130887.40059334051
2023-07-28,130972.46673043532,164261.96004333408,97251.22543003685,130756.59273668547
2023-07-31,133074.4243426923,169214.5144230575,97483.67532649347,133349.09487477547
2023-08-01,132969.8056731426,167808.37018141535,97001.03725198224,132404.7037166988
2023-08-02,132494.23888512683,165151.14491533357,96585.897827498,130868.52137141579
2023-08-03,132305.42353213692,165089.09854814663,96274.55178169164,130681.82516491914
2023-08-04,132730.8615914775,164716.87304578975,96845.3699107836,130781.12147828667
2023-08-07,132407.8634270669,165316.5726162961,97027.00264176534,131171.7876290307
2023-08-08,132463.53633219324,165068.4222813915,97234.55530889382,131151.48879514268
2023-08-09,132219.27483683484,165285.54943270262,97247.55504889903,131266.5522408008
2023-08-10,131650.43759464825,166288.4976891593,97221.6123859341,131755.0550375467
2023-08-11,131565.26314219084,169721.14444278338,97078.92205792248,133400.03325035292
2023-08-14,131372.86205725526,169597.0692753311,97065.92231791728,133331.4957966242
2023-08-15,131577.26641098814,164644.49732868606,96754.58763552002,130699.54248210305
2023-08-16,131501.77511994092,164013.77457458625,96456.139059037,130234.95681681162
2023-08-17,130023.00258907117,166759.20335415774,96054.02210137616,131406.61272776694
2023-08-18,129600.99454884442,167959.65651046805,96118.85035026573,132039.2534303669
2023-08-21,129580.14489345912,167395.96912929727,96092.8963238917,131744.4327265945
2023-08-22,130058.93575626127,166018.00222994504,96144.84983027613,131081.42603011057
2023-08-23,130406.17868750964,166237.254978773,96923.20926308747,131580.23212093025
2023-08-24,130487.09171547508,164869.79309855375,96391.32217355653,130630.55763605513
2023-08-25,130181.18638529442,166101.55050920357,96793.45049462648,131447.50050191503
2023-08-28,129888.42336335804,167239.3775899132,97156.70459318087,132198.04109154703
2023-08-29,130321.18022318465,166978.42096914246,97766.46512524295,132372.4430471927
2023-08-30,130208.76408607113,167208.0733355737,97727.51135886373,132467.79234721872
2023-08-31,129433.90662104882,168168.42180708464,97662.70583679236,132915.5638219385
2023-09-01,131446.04720630473,171508.82465524477,97846.45216186586,134677.6384085553
2023-09-05,132430.5200059646,173763.60931377104,97207.82857070131,135485.71894223618
2023-09-06,132234.18972894442,173941.0527891265,96973.151446062,135457.10211759424
2023-09-07,132153.44379396527,173951.50510749462,97299.03129210143,135625.268199798
2023-09-08,132311.2806668535,174546.4967430049,97259.95252822216,135903.22463561353
2023-09-11,130101.92545462125,170945.13727407402,97429.3582310172,134187.2477525456
2023-09-12,131758.13568897563,174128.9661497717,97272.96363163646,135700.96489070408
2023-09-13,131331.0862078293,173492.20037463217,97533.67432651347,135512.9373505728
2023-09-14,131863.80763627857,174567.3662458979,97650.97879860585,136109.17252225187
2023-09-15,131169.4551676495,173805.34831955706,97285.98609845985,135545.66720900845
2023-09-18,131508.09327033485,174556.94906137302,97351.15524962229,135954.05215549766
2023-09-19,131279.00851732146,174536.06199155838,97051.41124450238,135793.73661803038
2023-09-20,130829.38897762918,174003.67886472715,96973.151446062,135488.41515539458
2023-09-21,129576.1561361169,172437.8864393378,96282.3925339675,134360.13948665265
2023-09-22,130192.01375552524,173575.6783862042,96451.79823676254,135013.73831148338
2023-09-25,131528.2626458288,176112.32430223748,96321.47129784677,136216.89780004212
2023-09-26,130735.65564782968,175162.41058217306,95904.38873040721,135533.39965629013
2023-09-27,132571.3684439799,178544.53486919758,95774.05042808235,137159.29264863997
2023-09-28,132355.3052853384,178074.81295181025,96230.22312281028,137152.51803731028
2023-09-29,132237.49717699154,176018.3764053757,96086.87371707111,136052.6250612234
2023-10-02,131837.1007808189,173847.08732534308,95503.81719638334,134675.4522608632
2023-10-03,131274.1115657239,174254.218300973,94534.23999701825,134394.22914899563
2023-10-04,133599.2774413009,170193.53653225803,95019.00871073488,132606.27262149646
2023-10-05,132884.81018068193,171091.27649508996,95110.73983065793,133101.00816287394
2023-10-06,133700.54656571767,169347.98789358028,95241.75993752852,132294.8739155544
2023-10-09,131111.76307747143,174035.0182529099,95949.29692315245,134992.15758803117
2023-10-10,131032.73371966578,173847.08732534308,95923.09290177833,134885.0901135607
2023-10-11,134064.16167098505,168168.42180708464,95909.96816427309,132039.19498567886
2023-10-12,133658.12287411978,168304.1438435757,95398.98974747778,131851.56679552674
2023-10-13,131821.12140351042,171258.2852189989,95320.34359312814,133289.31440606352
2023-10-16,130885.6542547329,172657.06892047927,95294.15661686767,133975.61276867345
2023-10-17,129312.11106289369,174943.1929671883,94848.66552668947,134895.9292469389
2023-10-18,128598.2317226632,176331.5419172222,94390.07810752877,135360.81001237547
2023-10-19,128464.96483266768,176519.4552778674,94049.42582966523,135284.44055376633
2023-10-20,129185.44658025679,174149.80051882146,94245.95030826656,134197.875413544
2023-10-23,132819.65870247467,167730.00414403682,94625.95975353221,131177.98194878452
2023-10-24,135246.52915662582,163523.16558738428,95110.73983065793,129316.9527090211
2023-10-25,135422.4083446726,162708.93876996764,94599.70459681716,128654.3216833924
2023-10-26,136089.7254207511,161539.82500184013,94927.29463592547,128233.5598188828
2023-10-27,142064.75675462018,150683.5201370501,94809.38790315103,122746.45402010056
2023-10-30,141937.4521201785,152499.8695656069,94835.5748794115,123667.72222250921
2023-10-31,141244.234889052,152124.0428443165,95084.52444587472,123604.2836450956
2023-11-01,142686.65862038702,150297.24109739152,95990.85291021453,123144.04700380302
2023-11-02,143938.6232556756,155287.0022171212,97071.02448860114,126179.01335286116
2023-11-03,144545.026023664,154086.53149388926,98019.43733852595,126052.9844162076
2023-11-06,143795.70207992688,153449.73058490647,97624.25206041335,125536.99132265992
2023-11-07,143855.10276554973,150746.14621265075,97637.41088814588,124191.77855039832
2023-11-08,144271.5779667893,148647.93552658692,97690.14846975789,123169.04199817241
2023-11-09,143581.23766509944,148167.76129083146,97084.17195292457,122625.96662187802
2023-11-10,143753.7908593483,149222.0752261258,97558.38974129608,123390.23248371095
2023-11-13,143287.03328315422,150318.16330104944,97466.18703989557,123892.1751704725
2023-11-14,144038.10918707293,151414.2162421298,98454.17864369985,124934.19744291482
2023-11-15,143460.99676337693,151946.59936896103,98137.99178561884,125042.29557728994
2023-11-16,144074.2040831988,149541.61753052296,98269.73915067154,123905.67834059725
2023-11-17,143574.6198622788,152379.04427865564,98493.65512689746,125436.34970277656
2023-11-20,143625.05414851138,152294.67035408062,98599.05074625781,125446.86055016922
2023-11-21,143771.72143908188,151936.02408214152,98730.75265767412,125333.38836990783
2023-11-22,143810.80286148976,152241.93445535604,98902.0333229699,125571.98388916298
2023-11-24,143632.777701332,152843.17991496556,98796.66043042776,125819.92017269666
2023-11-27,143690.78078188532,152273.57248120647,98941.55525980389,125607.56387050518
2023-11-28,144280.30013953772,153486.63868724502,99376.2624747505,126431.45058099777
2023-11-29,144177.94285964133,151798.91425884192,99916.31985542107,125857.61705713149
2023-11-30,143911.81548052622,151471.94114659648,99731.89172580185,125601.91643619916
2023-12-01,145103.40369003304,152748.26583741428,100557.67066476852,126652.9682510914
2023-12-04,144740.5817234477,152811.5243221935,100306.2325117134,126558.87841695345
2023-12-05,144874.25211128173,150691.39011793904,100398.86702265954,125545.12857029929
2023-12-06,144893.37130561617,150343.26643205457,100412.11675766484,125377.6915948597
2023-12-07,145141.56009244837,150227.21934778587,100584.11331773365,125405.66633275975
2023-12-08,144855.13291694727,152220.8365824819,100385.61728765426,126303.22693506807
2023-12-11,144759.68452053142,152263.04989515184,100319.47088330961,126291.26038923072
2023-12-12,145084.26809844785,150311.64597312576,100544.40956635412,125428.02776973994
2023-12-13,147299.32350587388,152537.3046755943,102079.45841083178,127308.38154321304
2023-12-14,147949.83523626544,158148.8996870804,102530.26757646665,130339.58363177354
2023-12-15,147623.61193327745,157537.13164141626,102304.19255251258,129920.66209696443
2023-12-18,147719.56864446547,157885.20262653584,102370.69122253919,130127.94692453751
2023-12-19,148141.7486586415,159952.6536328306,102663.26491651985,131307.95927467523
2023-12-20,148160.94983922952,158486.44808614536,102676.57146857063,130581.509777358
2023-12-21,148832.56483129217,158971.68159532946,103142.00534171135,131056.84346852041
2023-12-22,148659.8197950027,159330.32786726856,103022.29182689074,131176.30984707965
2023-12-26,148947.68992856678,160764.87782118173,103221.78783697053,131993.33282907613
2023-12-27,149561.7505706174,160237.46613317096,103647.3361441862,131942.4011386786
2023-12-28,149082.04900093089,157980.15183793037,103314.89961109869,130647.52572451453
2023-12-29,149052.2325911307,157336.71063257256,102915.91895434819,130126.31479346038
2024-01-02,147789.38470414293,157674.25903163748,102570.1531423917,130122.2060870146
2024-01-03,149011.12264048206,160680.48632968508,102290.88600046182,131485.68616507345
2024-01-04,147781.07509517283,158918.92812968322,101891.97352416588,130405.45082692456
2024-01-05,147511.0949296887,158644.6909161624,101971.74465601597,130308.21778608918
2024-01-08,147301.23056195534,157695.35690451166,102543.59685533562,130119.47687992363
2024-01-09,148818.0744456295,153687.04212916712,102703.1504824449,128195.09630580602
2024-01-10,149407.55243788045,152421.29272516884,102889.31721365573,127655.30496941227
2024-01-11,149123.7755778144,153243.98679880972,103221.78783697053,128232.88731789013
2024-01-12,148079.89023545358,155343.09339787654,103328.18343633128,129335.63841710391
2024-01-16,149276.9488090713,151566.87279106939,102676.57146857063,127121.72212982
2024-01-17,149130.0447999989,150965.5921976166,102237.70524589508,126601.64872175585
2024-01-18,149824.8052943708,149594.37099616916,102450.48508120747,126022.42803868832
2024-01-19,149635.76477034867,150037.37362576168,102623.34526036753,126330.3594430646
2024-01-22,149468.2127798918,150301.08825322788,102703.1504824449,126502.11936783639
2024-01-23,149484.52285023607,149879.13079574466,102583.47105785157,126231.30092679811
2024-01-24,147938.31283101215,152864.26022091808,102530.26757646665,127697.26389869236
2024-01-25,146591.9847677641,156714.3848670105,103314.89961109869,130014.64223905459
2024-01-26,146161.22406719925,157315.6127596984,103235.08302561221,130275.34789265529
2024-01-29,146269.15388059927,157252.35427491917,103461.16941297537,130356.76184394727
2024-01-30,146529.02195712208,158349.32069592414,103328.18343633128,130838.75206612771
2024-01-31,146418.28200979083,155511.87638086983,103035.62110575971,129273.74874331476
2024-02-01,147131.41015499033,155997.07475621064,103629.01832872434,129813.04654246749
2024-02-02,148766.90670572568,160585.5722521338,103161.24359330995,131873.40792272188
2024-02-05,148449.6371736765,160680.48632968508,102680.10548879932,131680.2959092422
2024-02-06,148769.9171918764,160701.58420255926,103054.32527713082,131877.95473984504
2024-02-07,148949.18614223818,160469.5251678651,103228.06043879123,131848.79280332816
2024-02-08,148966.85850312744,162505.35571523107,103174.6296892244,132839.99270222773
2024-02-09,148769.87056597637,159319.77014737067,103388.44359476447,131354.10687106758
2024-02-12,149065.6835760019,160416.7892691405,103161.24359330995,131789.01643122523
2024-02-13,147907.11429567166,158855.65207798238,102332.6578922967,130594.15498513954
2024-02-14,148446.57584588954,159288.1145545986,102733.55896518433,131010.83675989148
2024-02-15,149171.2991931535,164705.08564137795,103094.40402101049,133899.74483119423
2024-02-16,149001.467468495,164886.37627256976,102787.02380497845,133836.7000387741
2024-02-20,149200.8291886047,164214.56448878412,103000.86043733671,133607.71246306042
2024-02-21,149114.24430336762,165750.07154128831,102813.77326998915,134281.92240563873
2024-02-22,149510.90693727048,165739.4259867823,103308.25201677784,134523.83900178008
2024-02-23,149602.7355397045,164918.33050300946,103375.05749885003,134146.69400092974
2024-02-26,149408.78270666167,164694.38738610706,103040.92781780729,133867.65760195718
2024-02-27,149546.37774542827,162252.53257917368,103174.6296892244,132713.58113419905
2024-02-28,149578.65364016657,162444.45119794988,103161.24359330995,132802.8473956299
2024-02-29,149752.62035930995,162092.55062391557,103348.3534874757,132720.45205569564
2024-03-01,149762.9569571785,162945.6003381281,103735.43665490327,133340.5184965157
2024-03-04,150779.13852284968,158754.95848321577,103708.57355580162,131231.7660195087
2024-03-05,150228.13670768542,159512.04010457938,103627.8706244057,131569.95536449255
2024-03-06,151076.79818309433,158168.48680469466,103883.26324382603,131025.87502426034
2024-03-07,150041.67150365192,159277.4338662493,104004.23809705624,131640.83598165278
2024-03-08,149399.5388979972,159821.28819290307,104031.11255956699,131926.20037623504
2024-03-11,147586.03287337607,162081.92263633118,104017.69237342526,133049.8075048782
2024-03-12,147470.65120264748,161964.59316678368,104111.74731050833,133038.170238646
2024-03-13,147388.6146876765,164097.28772000154,104152.0987762063,134124.69324810393
2024-03-14,148338.3268648587,166027.3126984074,103654.81326737102,134841.0629828892
2024-03-15,148013.50380257412,165867.36587699255,103587.57597575322,134727.4709263729
2024-03-18,147816.93035200305,165718.08217700536,103829.50295539544,134773.7925662004
2024-03-19,148683.7885452472,167008.3198697518,104246.16507669847,135627.24247322514
2024-03-20,147122.54776633755,164801.03616730525,104595.62399661099,134698.33008195812
2024-03-21,147171.46110206615,165131.62806540585,104541.8409813622,134836.73452338402
2024-03-22,146831.68748928027,164918.33050300946,104434.3431313192,134676.33681716432
2024-03-25,147955.04403320956,166848.40818218022,104273.06226602741,135560.73522410382
2024-03-26,146885.04705394676,165568.8160439398,104152.0987762063,134860.45741007305
2024-03-27,147737.69663129782,166720.45072504834,104703.15593688126,135711.80333096482
2024-03-28,148540.69326360436,168202.64217041424,104474.64914338077,136338.6456568975
2024-04-01,149239.37584400395,169631.51800864187,104049.11219957419,136840.315104108
2024-04-02,149080.15371326936,170377.91894165621,103873.51343882213,137125.71619023918
2024-04-03,148456.68169290415,171081.73765664644,103954.56863590001,137518.15314627322
2024-04-04,148602.52860628662,171348.29812541622,103873.51343882213,137610.90578211917
2024-04-05,149103.88571779974,172318.67730917624,103778.94714832977,138048.812228753
2024-04-08,148772.0795663158,171966.77673514193,104022.13546638159,137994.45610076177
2024-04-09,149194.70893348265,172745.1845993609,104238.27887078622,138491.73173507355
2024-04-10,149184.08720920747,173459.6313019355,103319.6154258733,138389.6233639044
2024-04-11,148466.51874010262,172627.89026365665,103225.06049879003,137926.47538122334
2024-04-12,147416.14060650667,169503.52541766674,103171.05021535933,136337.28781651304
2024-04-15,148041.05165438185,168042.67778207778,102576.6302855761,135309.65403382696
2024-04-16,148722.5991355461,166645.7913081331,102238.86431362282,134442.32781087796
2024-04-17,148578.71293261665,166773.73119834336,102373.96388435867,134573.84754135102
2024-04-18,147685.4685405128,168021.35153922247,102455.01908143655,135238.1853103295
2024-04-19,146261.46296917435,170612.54274690791,102644.16302583039,136628.35288636916
2024-04-22,147713.00141009086,172659.87962793963,103211.54940537552,137935.71451665758
2024-04-23,148421.79635999774,173651.56748763332,103630.30239395212,138640.93494079274
2024-04-24,148754.01802041533,174419.32979734623,103400.65925954208,138909.99452844416
2024-04-25,149786.6065910453,176242.74112839715,103184.54994536474,139713.64553688094
2024-04-26,150245.8220030902,176893.20910240585,103508.74800685805,140200.97855463193
2024-04-29,150583.51735008947,177362.36887830112,103819.46906516416,140590.91897173264
2024-04-30,146691.68221122914,171966.77673514193,103062.97283145247,137514.8747832972
2024-05-01,146584.763639851,170217.97212024135,103606.18923985156,136912.08068004646
2024-05-02,145977.6337819309,171390.95061112684,104244.46056533416,137817.7055882305
2024-05-03,145800.77316816195,170879.12078259932,104679.04278278071,137779.08178269002
2024-05-06,147110.98674710628,173065.0782421906,104801.26761101141,138933.172926601
2024-05-07,147102.1971938949,173459.6313019355,104814.84688488049,139137.239093408
2024-05-08,146689.71554728548,173320.99315645435,104570.38586500997,138945.68951073216
2024-05-09,148489.69571737654,176424.03175958895,104597.52168592993,140510.77672275944
2024-05-10,148490.32030909782,176818.58481933386,104434.59312631929,140626.58897282658
2024-05-13,147409.28838568527,175442.98945440128,104407.40048835387,139925.19497137758
2024-05-14,146661.5055267436,174461.98228305686,104570.38586500997,139516.1840740334
2024-05-15,146329.4856134911,173864.84748310808,105181.52136957261,139523.18442634033
2024-05-16,145858.86058954286,173509.36325706186,104937.0603497021,139223.21180338197
2024-05-17,146815.1619265959,175211.21149045316,104950.63962357117,140080.92555701217
2024-05-20,145628.3894607304,173563.25857261382,105004.97944586563,139284.11900923972
2024-05-21,144649.35538485355,172303.0427489281,104923.48107583303,138613.26191238058
2024-05-22,143412.4334400325,169718.01753073378,104692.59932983159,137205.3084302827
2024-05-23,143593.8506432668,169039.4424821217,104325.92484513947,136682.68366363057
2024-05-24,143036.82483533572,169911.88607781057,104692.59932983159,137302.24270382107
2024-05-28,143270.27406837544,171301.32417698533,104271.60774966319,137786.46596332427
2024-05-29,143132.71856065586,168996.36839029202,103959.26172385643,136477.81505707421
2024-05-30,142536.38653707618,170461.20371709033,104380.25330402482,137420.7285105576
2024-05-31,142397.3681946201,174812.68830642052,104746.95051553515,139779.81941097783
2024-06-03,143756.94971086356,169599.52864435888,105071.65993043776,137335.59428739833
2024-06-04,144303.2937016746,168167.0340202761,105017.09283996139,136592.06343011875
2024-06-05,144949.9875404784,166928.32010866195,105358.17692737054,136143.24851801625
2024-06-06,144246.53235850678,167951.57572651957,105180.80547479959,136566.19060065958
2024-06-07,143848.9087224526,168113.1211378025,104907.94729559954,136510.53421670102
2024-06-10,143491.96816955626,168824.03688913005,105003.45674904683,136913.74681908844
2024-06-11,143572.71447576664,168554.75354750807,105139.89720205596,136847.32537478203
2024-06-12,144742.76206252817,166109.75426160343,105562.83192517968,135836.29309339155
2024-06-13,145232.53042729574,164623.346755047,105549.19583426513,135086.27129465606
2024-06-14,144972.1726900494,164332.5439344318,105139.89720205596,134736.22056824388
2024-06-17,144650.88239481102,165000.33289316483,105208.10038344687,135104.21663830586
2024-06-18,144720.63313152362,165151.12734841194,105535.5483799415,135343.33786417672
2024-06-20,143134.54971647196,168716.3165257126,105467.33383514149,137091.82518042705
2024-06-21,143730.27721200517,167251.46363199266,105590.12683382696,136420.79523290982
2024-06-24,141806.7924044039,171592.1621314438,105480.96992605603,138536.56602874992
2024-06-25,142193.70802852392,170676.64444392524,105617.42174247424,138147.03309319975
2024-06-26,143060.88039474294,167973.1127724344,105385.48319942692,136679.29798593067
2024-06-27,142907.93514464752,168371.67109031032,105508.25347129421,136939.96228080225
2024-06-28,142615.82835812838,168479.3563198845,105249.00865619052,136864.1824880375
2024-07-01,142487.82388846236,168587.07668330194,105228.45224913684,136907.7644662194
2024-07-02,142390.91731761562,168834.78784516585,105516.49194288842,137175.63989402715
2024-07-03,142291.59292886368,168791.71375333617,105886.84817212747,137339.2809627318
2024-07-05,143155.870871569,166206.68853514185,106202.2736817991,136204.48110847047
2024-07-08,143079.58634743642,166228.22558105667,106174.87650246995,136201.5510417633
2024-07-09,143179.63162111802,164774.14121029415,106051.39033582965,135412.7657730619
2024-07-10,142869.41216192956,167089.8830868665,106298.29448865568,136694.08878776108
2024-07-11,143163.61678305783,167229.90901915618,106682.33226244566,136956.12064080092
2024-07-12,143306.60011514754,167585.34054443755,106956.66768482812,137271.00411463284
2024-07-15,143294.39244451292,170224.2259443406,106970.37195619724,138597.29895026892
2024-07-16,143597.34007127676,169933.44069064702,107381.86372636184,138657.65220850444
2024-07-17,144208.7624804284,173660.19284615223,107258.40028653972,140459.29656634596
2024-07-18,144107.74240857371,174457.23921421755,107038.95013008831,140748.09467215295
2024-07-19,143339.16828076562,171419.8130633602,106956.66768482812,139188.24037409417
2024-07-22,143208.15444306537,169093.30266383043,107354.40972998722,138223.85619690883
2024-07-23,143730.23270454886,165969.72832931372,107368.15945499272,136668.9438921532
2024-07-24,143120.63376323364,167025.28951604362,107025.223131901,137025.2563239723
2024-07-25,142893.7716404812,169685.69439493987,107038.95013008831,138362.3222625141
2024-07-26,143271.51245355658,170008.82035134896,107381.86372636184,138695.3420388554
2024-07-29,142924.50549616417,168673.2248669613,107285.85428291434,137979.53957493784
2024-07-30,143551.0090226901,171872.19642910158,107340.7054586181,139606.45094385985
2024-07-31,144109.6513469422,172841.59186525046,107724.75459581718,140283.17323053384
2024-08-01,144047.24399347213,164386.3865492189,107488.99794731378,135937.69224826634
2024-08-02,142011.49583558494,160002.59639101647,107130.49375376129,133566.5450723889
2024-08-05,139732.31641631355,155812.7099137341,106468.70017145111,131140.7050425926
2024-08-06,139364.08395647397,154272.4597923906,106868.53308388378,130570.4964381372
2024-08-07,139196.49032467676,153389.2476737443,107075.35849283014,130232.30308328723
2024-08-08,140552.64064101863,155629.60988961475,107516.56557777936,131573.08773369706
2024-08-09,140855.57174920893,156168.12387209383,107502.77039913747,131835.44713561566
2024-08-12,140989.3342666501,156200.46457480936,107571.7008387105,131886.08270675992
2024-08-13,140982.06187766316,155263.39227445432,108068.07727481815,131665.73477463622
2024-08-14,141424.95055631368,155823.46086976992,108261.09614171353,132042.27850574173
2024-08-15,142560.64664661983,158117.68326734906,108357.60557516123,133237.64442125516
2024-08-16,143077.12181600774,158623.92681479914,108702.28049984455,133663.10365732183
2024-08-19,143826.87520941935,159920.01429244742,108881.54964173444,134400.78196709094
2024-08-20,142800.97438168805,157589.21756404065,108785.02884487766,133187.12320445915
2024-08-21,143326.24674797736,158275.39908971725,109033.21706293146,133654.30807632435
2024-08-22,143486.3242357957,158721.95023747842,108895.34482037633,133808.64752892737
2024-08-23,144831.64656502698,160780.44211374337,109474.43551128978,135127.43881251657
2024-08-26,145157.8404246804,161738.9109246402,109253.80356029244,135496.3572424663
2024-08-27,144517.25883902007,160050.71218935313,109322.76809009275,134686.74013972294
2024-08-28,144078.70049992364,159016.00293859464,109267.6328291616,134141.81788387813
2024-08-29,144880.88920564594,160562.6122855672,109377.92607784209,134970.26918170464
2024-08-30,144901.56034145487,161139.86133023407,109391.68716625667,135265.77424824538
2024-09-03,144387.69635803456,157556.56065673585,109003.75174314696,133280.1561999414
2024-09-04,144919.90886354953,154735.68194877592,109405.53916194403,132070.61055535998
2024-09-05,145415.39422065517,153493.99922740678,109779.5998625482,131636.7995449775
2024-09-06,145231.87889548865,150912.73333044065,109641.05717885643,130276.89525464854
2024-09-09,145580.59112794706,152807.85283557343,109904.31327737082,131356.08305647213
2024-09-10,145305.30308808724,150553.31411394995,109696.48788842405,130124.901001187
2024-09-11,145525.5455616631,150172.12948156326,109862.75729030874,130017.443385936
2024-09-12,145727.3943568143,151620.69783893487,110015.14060627879,130817.91922260683
2024-09-13,146131.09194711666,153145.4890692465,110319.90723821888,131732.6981537327
2024-09-16,146498.12259744972,154757.42979775026,110596.99260560244,132677.21120167634
2024-09-17,146534.83469374903,156195.1242306347,110624.70796038625,133409.91609551047
2024-09-18,146663.2743484116,156794.1562581192,110721.67193019776,133757.91409415848
2024-09-19,147103.6990871233,157915.96230630492,111054.16528033077,134485.06379331785
2024-09-20,147287.24451650985,158667.45764659112,111192.73069084073,134930.09416871594
2024-09-23,147011.95647665003,160693.29261555127,110984.90530189396,135839.0989587226
2024-09-24,147030.3049987447,160595.30432671524,110998.75729758132,135797.0308121483
2024-09-25,146865.1381956728,156805.04774952802,110874.0666095769,133839.55717955244
2024-09-26,147103.6990871233,154648.53245058382,111054.16528033077,132851.3488654573
2024-09-27,147470.75984167636,158460.554443667,111331.27337453251,134895.91390909976
2024-09-30,147360.63860488846,160399.23991443505,111248.13867359016,135823.6892940126
2024-10-01,147331.1664771675,163045.87232677566,111192.43524220424,137119.15378448996
2024-10-02,146996.25837149133,164407.3087528768,111206.35541834618,137806.83208561147
2024-10-03,146807.22040499997,164734.0710620627,110941.84934483128,137837.96020344697
2024-10-04,146497.44848127768,164178.62256713505,110816.54503273571,137497.58379993538
2024-10-07,146009.8199809943,164592.46410682655,110343.22495368274,137467.84453025466
2024-10-08,146059.46913240754,162011.1806429388,110607.73102719765,136309.45583506822
2024-10-09,145680.66542595447,162991.4148697316,110538.13014648798,136764.7725081098
2024-10-10,145758.27977587745,164047.8895363861,110482.43807851116,137265.16380744864
2024-10-11,146170.1690263211,164919.20884909082,110774.79586771902,137847.00235840492
2024-10-14,146243.1858406412,165311.32010672957,110830.46520887765,138070.8926578036
2024-10-15,146121.4458925228,160900.24851924027,110802.65894682106,135851.45373303065
2024-10-16,146005.32290487594,161989.39766012118,110997.5527762172,136493.4752181692
2024-10-17,145908.76815341628,164679.59603809702,110830.46520887765,137755.03062348734
2024-10-18,146002.50747387978,164189.4789247006,111094.99400921073,137642.23646695568
2024-10-21,145535.56870913017,164331.08587993676,110649.49155562343,137490.2887177801
2024-10-22,145339.0276684259,164374.651845572,110496.38098147129,137435.51641352163
2024-10-23,144846.26530573753,163895.40865666277,110162.23993701945,137028.8242968411
2024-10-24,145106.25896941405,163862.73418243634,110482.43807851116,137172.58613047376
2024-10-25,145034.83765821208,164254.8454400751,110371.0880327848,137312.96673642995
2024-10-28,145197.07862325618,163960.75760511562,110649.49155562343,137305.12458036953
2024-10-29,145261.68823058068,161760.71147437944,110677.36599813458,136219.038736257
2024-10-30,145187.06586160668,161248.77624432216,110482.43807851116,135865.60716141667
2024-10-31,144310.42349972462,162087.43864972208,110176.17147657047,136131.80506314628
2024-11-01,147438.5797414014,166716.32249846598,110183.17133657327,138449.74691751963
2024-11-04,148079.37657718512,167696.5567252588,110490.97199874185,139093.76436200034
2024-11-05,147542.05512875554,167086.63320636548,110798.78402431951,138942.7086153425
2024-11-06,150576.79455253258,171780.86600356223,110994.68919712515,141387.7776003437
2024-11-07,149853.89071770193,170746.17431972534,111470.36150186087,141108.2679107931
2024-11-08,149865.39622692726,170920.43818226628,111652.2896814791,141286.3639318727
2024-11-11,149353.30902071163,170452.1040516875,111526.36038188328,140989.23221678537
2024-11-12,148171.1890302118,169134.21602429997,111078.61933670417,140106.41768050205
2024-11-13,150565.9380345161,172870.01514444314,111106.58468648809,141988.2999154656
2024-11-14,152622.63559182547,176224.59449835634,110868.74853412023,143546.67151623828
2024-11-15,152213.88164719462,175810.73539174322,110854.76017752373,143332.74778463348
2024-11-18,152883.92991189417,176877.9610144335,111064.60825328948,143971.2846338615
2024-11-19,151962.1767340636,175601.6890243806,111232.5367129021,143417.11286864136
2024-11-20,153127.34277059557,177505.13525036463,111204.53727289091,144354.8362616278
2024-11-21,153256.64844649317,177835.20014081645,111246.51370608952,144540.856923453
2024-11-22,153685.7868416562,178638.41249837287,111218.51426607832,144928.4633822256
2024-11-25,152236.6353306129,176437.8744938311,111638.27859806441,144038.07654594776
2024-11-26,153681.7129804674,178825.4299460151,111428.40779548045,145126.9188707478
2024-11-27,153384.25486258592,178363.33207261394,111764.18517084204,145063.758621728
2024-11-29,153260.24393098138,178165.3001651115,111988.05569343158,145076.67792927154
2024-12-02,151100.2125757359,178473.35370276452,111947.2951450062,145210.32442388535
2024-12-03,150844.71058311063,178154.26813832967,111947.2951450062,145050.78164166794
2024-12-04,154031.08342253757,174193.34891753507,112214.34662215847,143203.84776984676
2024-12-05,152665.92335486144,175304.5972458229,112115.96222621002,143710.27973601647
2024-12-06,156176.41148268429,170804.5316333706,112298.67448105583,141551.60305721321
2024-12-09,154108.98739626017,172829.03151628707,112158.12047395416,142493.57599512063
2024-12-10,153885.01549028078,172741.0036720136,112214.34662215847,142477.67514708603
2024-12-11,154353.7784367322,171871.80995682577,112242.47105966971,142057.14050824774
2024-12-12,155511.5278873815,170221.39766995865,111933.24997136422,141077.32382066143
2024-12-13,156058.8154073924,169297.16678931305,111610.00643623491,140453.58661277397
2024-12-16,160091.6970400212,164335.02087038124,111820.80903836469,138077.91495437297
2024-12-17,161049.6859612346,162959.6538754298,111581.89336213276,137270.77361878127
2024-12-18,164647.98060895858,158525.63988829547,110436.13218644718,134480.88603737133
2024-12-19,167213.39784447924,155301.84626589608,110323.10035617469,132812.47331103537
2024-12-20,165403.96653020973,157172.31937998603,111015.35923826978,134093.8393091279
2024-12-23,165096.57072814117,157304.33479601378,110718.68335360565,134011.50907480973
2024-12-24,164085.31794754817,158261.53878855347,111071.88083511057,134666.70981183203
2024-12-26,163770.40031342776,158415.60069122323,111354.43200226905,134885.01634674612
2024-12-27,163574.0866823373,158437.612044022,110972.98508575284,134705.29856488743
2024-12-30,164281.5326894795,157414.37399308602,111128.37970513318,134271.3768491096
